CHR_ID;CHR_POS;RSID_CURRENT
6;31883457;652888
10;71765768;7919533
7;17247482;6968554
17;5369285;72634030
6;53405757;182332476
2;27508073;1260326
12;50144032;7302981
8;9538022;6601327
12;72224079;11179118
18;60125977;1942880
7;27252226;17437838
17;27542007;10775412
16;168533;1203833
5;132403741;6893782
20;41095698;6065311
13;31433871;7984972
9;114498554;10982256
5;123783871;11241713
11;18244252;12282742
12;114746248;11067278
5;159391737;6556416
2;121238062;11689538
9;136197833;7860634
6;32377912;2894254
15;39992007;28714278
11;69457328;1938679
9;133022383;80271436
8;19065067;2410601
20;63679775;2297439
11;35259305;10768122
8;29858745;16876083
13;28044450;34061361
9;1056959;17641078
3;59373953;185231391
12;54025136;754133
6;34221089;12214804
6;42025950;12214723
8;134857733;12541063
6;32059031;12198173
15;78606381;12914385
20;32797074;6057648
6;32521819;191269336
1;145339358;61813408
9;111163362;12344280
1;62583880;11207995
12;114943935;10850409
19;37058854;117875908
22;23828809;2186369
19;41589873;2006209
15;58388755;2043085
2;191066738;1517352
3;128578726;9880192
8;75393550;72658071
3;61250788;2365389
3;117193342;11916118
3;74322785;677171
8;18415025;35246381
2;56028361;3850352
6;42527540;16895812
6;32706960;1794265
1;23839152;773011284
18;8966146;10502386
21;39910773;3819595
1;72290366;17526367
3;24116906;7428850
10;43985363;1870634
11;31863373;11031492
2;46233741;140838333
9;25341335;183456655
20;35103849;6060235
6;32480822;7748270
15;78733974;80162468
1;55038977;2479409
22;35333728;138788
11;103813371;148883465
6;126645162;4549631
17;6346734;79392787
4;18864546;6845621
10;62156213;7912580
14;70783085;17108533
16;79648854;1424233
17;39912823;921650
10;69171718;1802295
3;147098924;4681346
13;52930540;9527039
2;113074735;6761276
7;128933913;4728142
22;38962032;12628403
3;112868645;9814893
1;9651584;7516138
17;39756124;12946510
3;39243701;4276125
22;41757288;5751150
18;37771762;1187220
17;16916785;57968458
11;133697090;4397868
1;218508773;7531382
